equipment_id,engineer_name,predicted_next_maintenance,Contact No.
EQT0001,Deepa Mehta,14/08/24,8705097202
EQT0002,Mohamed Salah,13/12/24,7295908497
EQT0003,Elena Petrova,21/01/25,8666304497
EQT0004,Mohamed Salah,05/11/24,8834997190
EQT0005,Grace Liu,14/09/24,8241942323
EQT0006,Deepa Mehta,05/07/24,9279556086
EQT0007,Elena Petrova,11/03/25,9731626809
EQT0008,Grace Liu,30/01/25,9862032454
EQT0009,Carlos Rivera,26/06/25,9270392318
EQT0010,Grace Liu,30/10/24,8752066163
EQT0011,Deepa Mehta,07/10/24,9787809240
EQT0012,Grace Liu,24/05/25,8768496106
EQT0013,Grace Liu,03/09/24,8899443269
EQT0014,Grace Liu,06/08/24,6457508780
EQT0015,Mohamed Salah,04/01/25,9686202768
EQT0016,Grace Liu,31/01/25,7930812875
EQT0017,Deepa Mehta,01/05/25,7864524151
EQT0018,Mohamed Salah,22/12/24,7886548284
EQT0019,Carlos Rivera,17/02/25,8381126360
EQT0020,Tomoko Yamada,05/03/25,6510108907
EQT0021,Carlos Rivera,06/10/24,8976999804
EQT0022,Elena Petrova,24/02/25,6339819024
EQT0023,Carlos Rivera,14/06/25,8108074662
EQT0024,Tomoko Yamada,28/08/24,8394054874
EQT0025,Elena Petrova,26/12/24,7939903745
EQT0026,Grace Liu,20/04/25,9363915655
EQT0027,Carlos Rivera,22/10/24,6785271161
EQT0028,Tomoko Yamada,23/07/24,7353831440
EQT0029,Elena Petrova,23/12/24,8151694798
EQT0030,Mohamed Salah,24/08/24,7727058507
EQT0031,Deepa Mehta,29/11/24,7017055559
EQT0032,Mohamed Salah,09/12/24,7255707417
EQT0033,Carlos Rivera,08/11/24,7915959135
EQT0034,Deepa Mehta,16/10/24,9506179486
EQT0035,Mohamed Salah,27/06/25,7168335355
EQT0036,Mohamed Salah,15/02/25,8096371384
EQT0037,Tomoko Yamada,29/03/25,8502199954
EQT0038,Carlos Rivera,09/12/24,7094374941
EQT0039,Elena Petrova,13/02/25,9182034590
EQT0040,Tomoko Yamada,17/01/25,9612060792
EQT0041,Grace Liu,10/08/24,6258757022
EQT0042,Mohamed Salah,15/06/25,6371050161
EQT0043,Tomoko Yamada,30/09/24,6689423162
EQT0044,Elena Petrova,25/11/24,7604047803
EQT0045,Carlos Rivera,26/04/25,8299978076
EQT0046,Elena Petrova,19/08/24,8538145010
EQT0047,Grace Liu,17/07/24,6898648556
EQT0048,Grace Liu,27/10/24,8544380129
EQT0049,Mohamed Salah,03/10/24,6772171969
EQT0050,Deepa Mehta,20/11/24,7752921633
EQT0051,Mohamed Salah,28/10/24,7045019466
EQT0052,Deepa Mehta,28/12/24,9513139818
EQT0053,Elena Petrova,05/08/24,7431447305
EQT0054,Mohamed Salah,29/01/25,8941990042
EQT0055,Grace Liu,30/06/25,6624699199
EQT0056,Deepa Mehta,30/07/24,6511195550
EQT0057,Carlos Rivera,28/02/25,9402552561
EQT0058,Elena Petrova,22/08/24,6136077422
EQT0059,Deepa Mehta,18/05/25,9920935700
EQT0060,Carlos Rivera,04/10/24,9336920251
EQT0061,Carlos Rivera,24/01/25,6418272223
EQT0062,Mohamed Salah,08/06/25,6450460980
EQT0063,Elena Petrova,20/11/24,7109233484
EQT0064,Elena Petrova,30/07/24,8353144892
EQT0065,Mohamed Salah,14/06/25,9080227428
EQT0066,Deepa Mehta,11/04/25,9449826723
EQT0067,Elena Petrova,27/02/25,6372700633
EQT0068,Mohamed Salah,18/12/24,9764520588
EQT0069,Grace Liu,04/10/24,9511491546
EQT0070,Deepa Mehta,30/06/25,6110249686
EQT0071,Elena Petrova,19/04/25,8832779490
EQT0072,Tomoko Yamada,06/12/24,9674386282
EQT0073,Mohamed Salah,25/08/24,8230430595
EQT0074,Elena Petrova,29/07/24,7911017771
EQT0075,Mohamed Salah,18/04/25,6429824088
EQT0076,Carlos Rivera,14/05/25,6870817475
EQT0077,Carlos Rivera,28/10/24,9620316051
EQT0078,Deepa Mehta,08/03/25,8898552210
EQT0079,Mohamed Salah,01/07/25,9526357867
EQT0080,Elena Petrova,06/05/25,9240545660
EQT0081,Grace Liu,28/01/25,9181639835
EQT0082,Carlos Rivera,13/02/25,9011693334
EQT0083,Deepa Mehta,18/03/25,9309957142
EQT0084,Grace Liu,18/09/24,8395751166
EQT0085,Grace Liu,10/07/24,7189349348
EQT0086,Tomoko Yamada,14/04/25,9363439334
EQT0087,Tomoko Yamada,11/02/25,8545375321
EQT0088,Elena Petrova,06/07/24,9442341537
EQT0089,Grace Liu,15/08/24,6196909181
EQT0090,Elena Petrova,07/06/25,8263117363
EQT0091,Grace Liu,01/12/24,6235380523
EQT0092,Deepa Mehta,23/11/24,7011006841
EQT0093,Mohamed Salah,10/10/24,9587017972
EQT0094,Grace Liu,25/08/24,9460535359
EQT0095,Tomoko Yamada,17/05/25,8206838482
EQT0096,Carlos Rivera,01/04/25,9898321591
EQT0097,Deepa Mehta,15/05/25,9257292162
EQT0098,Elena Petrova,18/10/24,9059610712
EQT0099,Elena Petrova,07/12/24,7871267357
EQT0100,Elena Petrova,15/11/24,6516341007
EQT0101,Elena Petrova,26/02/25,8575061359
EQT0102,Grace Liu,31/08/24,7602410590
EQT0103,Tomoko Yamada,06/10/24,8214658498
EQT0104,Carlos Rivera,23/04/25,6082901402
EQT0105,Carlos Rivera,29/08/24,7482969717
EQT0106,Deepa Mehta,06/03/25,7555592224
EQT0107,Grace Liu,02/05/25,8711743002
EQT0108,Mohamed Salah,27/04/25,9521485107
EQT0109,Deepa Mehta,24/06/25,7593023237
EQT0110,Mohamed Salah,10/03/25,6736242922
EQT0111,Deepa Mehta,18/05/25,6095383583
EQT0112,Grace Liu,31/10/24,8013582975
EQT0113,Deepa Mehta,18/05/25,6729475996
EQT0114,Mohamed Salah,07/02/25,8478258496
EQT0115,Carlos Rivera,13/10/24,8333805768
EQT0116,Tomoko Yamada,05/09/24,8658490222
EQT0117,Mohamed Salah,26/04/25,8421191633
EQT0118,Grace Liu,15/02/25,8980371972
EQT0119,Carlos Rivera,19/08/24,7840855312
EQT0120,Tomoko Yamada,07/08/24,7909617704
EQT0121,Elena Petrova,16/12/24,9496081858
EQT0122,Deepa Mehta,07/05/25,7323755730
EQT0123,Mohamed Salah,23/07/24,8630588127
EQT0124,Mohamed Salah,07/07/24,7846002433
EQT0125,Deepa Mehta,26/06/25,6486722057
EQT0126,Elena Petrova,16/09/24,6014027728
EQT0127,Carlos Rivera,29/05/25,8173977467
EQT0128,Carlos Rivera,26/08/24,9880470559
EQT0129,Carlos Rivera,02/06/25,6756244852
EQT0130,Elena Petrova,25/10/24,8645125269
EQT0131,Elena Petrova,02/08/24,7492413312
EQT0132,Tomoko Yamada,15/02/25,8888898053
EQT0133,Tomoko Yamada,05/07/24,6449120734
EQT0134,Tomoko Yamada,05/03/25,8772028290
EQT0135,Deepa Mehta,28/04/25,7372075053
EQT0136,Carlos Rivera,25/12/24,6616668351
EQT0137,Elena Petrova,28/07/24,9910937290
EQT0138,Mohamed Salah,11/12/24,6917320843
EQT0139,Elena Petrova,04/03/25,9589064952
EQT0140,Tomoko Yamada,07/10/24,9826983466
EQT0141,Elena Petrova,10/08/24,9668369187
EQT0142,Deepa Mehta,14/12/24,7889474951
EQT0143,Carlos Rivera,28/08/24,6892566531
EQT0144,Elena Petrova,30/10/24,6379163935
EQT0145,Mohamed Salah,28/03/25,8586724292
EQT0146,Tomoko Yamada,19/04/25,9110134611
EQT0147,Mohamed Salah,19/04/25,9286031048
EQT0148,Tomoko Yamada,21/06/25,8229412416
EQT0149,Elena Petrova,02/02/25,9215303987
EQT0150,Tomoko Yamada,31/05/25,9720457686
EQT0151,Grace Liu,08/02/25,6029382030
EQT0152,Mohamed Salah,01/10/24,6864611489
EQT0153,Deepa Mehta,29/12/24,8909682572
EQT0154,Elena Petrova,12/05/25,8687393843
EQT0155,Elena Petrova,08/12/24,7778239654
EQT0156,Mohamed Salah,16/10/24,6692725675
EQT0157,Grace Liu,08/05/25,9197573763
EQT0158,Deepa Mehta,02/04/25,7901459680
EQT0159,Carlos Rivera,20/04/25,7881466031
EQT0160,Carlos Rivera,18/11/24,6307310334
EQT0161,Elena Petrova,19/11/24,8483647452
EQT0162,Grace Liu,13/05/25,6649070694
EQT0163,Deepa Mehta,18/08/24,6992127584
EQT0164,Elena Petrova,27/03/25,7558596011
EQT0165,Deepa Mehta,12/05/25,9392884073
EQT0166,Carlos Rivera,14/12/24,6134604627
EQT0167,Deepa Mehta,02/06/25,8437491732
EQT0168,Mohamed Salah,31/10/24,6630260049
EQT0169,Grace Liu,09/03/25,9089278463
EQT0170,Elena Petrova,02/07/25,8928578772
EQT0171,Grace Liu,03/11/24,7118220047
EQT0172,Grace Liu,29/05/25,6392334350
EQT0173,Carlos Rivera,02/08/24,8805056437
EQT0174,Grace Liu,02/09/24,8210900377
EQT0175,Mohamed Salah,14/01/25,8383315242
EQT0176,Mohamed Salah,27/03/25,8324232065
EQT0177,Elena Petrova,02/01/25,7035010378
EQT0178,Carlos Rivera,01/08/24,8131367705
EQT0179,Carlos Rivera,25/02/25,9549894529
EQT0180,Grace Liu,05/05/25,7067943150
EQT0181,Elena Petrova,24/01/25,8181756050
EQT0182,Carlos Rivera,27/12/24,8068827076
EQT0183,Elena Petrova,10/11/24,8084089457
EQT0184,Tomoko Yamada,12/12/24,6910403155
EQT0185,Carlos Rivera,13/04/25,6910784613
EQT0186,Carlos Rivera,07/07/24,6198466227
EQT0187,Carlos Rivera,02/05/25,9985810597
EQT0188,Mohamed Salah,31/12/24,9446603067
EQT0189,Carlos Rivera,06/11/24,7538639756
EQT0190,Tomoko Yamada,14/06/25,8791626990
EQT0191,Grace Liu,04/07/24,6676296359
EQT0192,Carlos Rivera,03/10/24,7343701455
EQT0193,Elena Petrova,25/02/25,6600308458
EQT0194,Carlos Rivera,07/04/25,7361763824
EQT0195,Elena Petrova,16/04/25,6398381658
EQT0196,Elena Petrova,03/11/24,9682194862
EQT0197,Mohamed Salah,31/07/24,8037820498
EQT0198,Tomoko Yamada,05/08/24,7105734339
EQT0199,Elena Petrova,12/03/25,6840189962
EQT0200,Carlos Rivera,21/07/24,6712361868
EQT0201,Mohamed Salah,23/01/25,9963170301
EQT0202,Grace Liu,26/03/25,6011612114
EQT0203,Grace Liu,13/04/25,6923659009
EQT0204,Deepa Mehta,21/03/25,7181868025
EQT0205,Tomoko Yamada,15/04/25,8563895333
EQT0206,Tomoko Yamada,08/02/25,9478787689
EQT0207,Deepa Mehta,23/11/24,8572395041
EQT0208,Carlos Rivera,09/04/25,7982996858
EQT0209,Deepa Mehta,16/08/24,6061004372
EQT0210,Deepa Mehta,06/05/25,9935944139
EQT0211,Tomoko Yamada,07/03/25,7810285034
EQT0212,Elena Petrova,10/09/24,7740882525
EQT0213,Carlos Rivera,30/05/25,7889666439
EQT0214,Grace Liu,14/04/25,8325755460
EQT0215,Mohamed Salah,18/05/25,9262720859
EQT0216,Deepa Mehta,01/05/25,9263888792
EQT0217,Grace Liu,30/03/25,6673439999
EQT0218,Tomoko Yamada,14/10/24,8380055873
EQT0219,Elena Petrova,22/03/25,7782155915
EQT0220,Deepa Mehta,12/03/25,9745670142
EQT0221,Deepa Mehta,28/02/25,9239963130
EQT0222,Tomoko Yamada,22/01/25,9078446616
EQT0223,Deepa Mehta,03/10/24,7821395334
EQT0224,Elena Petrova,19/06/25,7353513864
EQT0225,Elena Petrova,10/05/25,6132655283
EQT0226,Deepa Mehta,21/05/25,6086105100
EQT0227,Tomoko Yamada,06/08/24,7614930382
EQT0228,Deepa Mehta,24/05/25,7336936816
EQT0229,Elena Petrova,18/05/25,6087589572
EQT0230,Grace Liu,03/09/24,9633396836
EQT0231,Tomoko Yamada,15/04/25,9022641809
EQT0232,Tomoko Yamada,04/01/25,8979398515
EQT0233,Mohamed Salah,29/05/25,7150726130
EQT0234,Elena Petrova,12/02/25,7818520764
EQT0235,Deepa Mehta,18/07/24,7699349725
EQT0236,Deepa Mehta,16/08/24,8780797258
EQT0237,Grace Liu,30/08/24,8189269229
EQT0238,Deepa Mehta,31/08/24,7779908128
EQT0239,Elena Petrova,24/09/24,7952465622
EQT0240,Deepa Mehta,07/06/25,9857421019
EQT0241,Deepa Mehta,28/10/24,7562523887
EQT0242,Deepa Mehta,21/11/24,6215574071
EQT0243,Elena Petrova,21/08/24,6428180252
EQT0244,Grace Liu,02/12/24,9842981193
EQT0245,Deepa Mehta,28/03/25,6010466029
EQT0246,Tomoko Yamada,21/03/25,8055695985
EQT0247,Deepa Mehta,13/04/25,7017998301
EQT0248,Deepa Mehta,08/10/24,8853510627
EQT0249,Elena Petrova,28/12/24,6850562168
EQT0250,Grace Liu,22/11/24,7196775009
EQT0251,Tomoko Yamada,20/07/24,9713483808
EQT0252,Tomoko Yamada,04/05/25,9439575069
EQT0253,Tomoko Yamada,13/04/25,6174520427
EQT0254,Carlos Rivera,16/07/24,8681332870
EQT0255,Grace Liu,12/10/24,8338301027
EQT0256,Deepa Mehta,18/05/25,8428649422
EQT0257,Deepa Mehta,11/12/24,9086448801
EQT0258,Deepa Mehta,28/05/25,7905819247
EQT0259,Carlos Rivera,10/02/25,9683688611
EQT0260,Elena Petrova,17/03/25,7623919651
EQT0261,Deepa Mehta,17/08/24,9798054481
EQT0262,Mohamed Salah,17/01/25,8288096904
EQT0263,Mohamed Salah,26/07/24,9817550673
EQT0264,Elena Petrova,07/11/24,9876277607
EQT0265,Grace Liu,13/06/25,8530379517
EQT0266,Grace Liu,25/01/25,6002697731
EQT0267,Carlos Rivera,14/07/24,7665756276
EQT0268,Grace Liu,20/12/24,8585967012
EQT0269,Carlos Rivera,18/07/24,6402201241
EQT0270,Mohamed Salah,26/12/24,9446431439
EQT0271,Grace Liu,16/09/24,6508233926
EQT0272,Mohamed Salah,15/03/25,6556273517
EQT0273,Mohamed Salah,01/11/24,8120756644
EQT0274,Tomoko Yamada,08/02/25,8853016467
EQT0275,Mohamed Salah,24/09/24,8999941665
EQT0276,Deepa Mehta,14/01/25,9159136671
EQT0277,Elena Petrova,01/07/25,8963147671
EQT0278,Deepa Mehta,24/01/25,6395849838
EQT0279,Carlos Rivera,08/03/25,7031960878
EQT0280,Deepa Mehta,01/07/25,9817333285
EQT0281,Elena Petrova,05/09/24,7401606516
EQT0282,Elena Petrova,29/08/24,8417437520
EQT0283,Carlos Rivera,23/09/24,7086239157
EQT0284,Elena Petrova,20/01/25,6137777981
EQT0285,Mohamed Salah,09/02/25,8875971281
EQT0286,Grace Liu,22/01/25,9309925704
EQT0287,Tomoko Yamada,03/06/25,6121417623
EQT0288,Grace Liu,23/07/24,9982291215
EQT0289,Tomoko Yamada,16/10/24,7761762979
EQT0290,Elena Petrova,21/01/25,9755406283
EQT0291,Tomoko Yamada,25/02/25,8505903389
EQT0292,Carlos Rivera,31/01/25,9011934421
EQT0293,Tomoko Yamada,04/09/24,8356729443
EQT0294,Carlos Rivera,06/12/24,7152603296
EQT0295,Mohamed Salah,22/10/24,6893945376
EQT0296,Tomoko Yamada,02/10/24,8578410105
EQT0297,Grace Liu,17/07/24,7179410831
EQT0298,Deepa Mehta,29/12/24,9675897660
EQT0299,Mohamed Salah,05/09/24,6763650721
EQT0300,Tomoko Yamada,01/10/24,6351791634
EQT0301,Deepa Mehta,19/06/25,9385007374
EQT0302,Elena Petrova,03/02/25,7528777666
EQT0303,Mohamed Salah,31/08/24,6279868670
EQT0304,Elena Petrova,10/11/24,6366936802
EQT0305,Mohamed Salah,25/11/24,9720119862
EQT0306,Mohamed Salah,27/12/24,8673103332
EQT0307,Mohamed Salah,21/02/25,9128160564
EQT0308,Grace Liu,11/04/25,8438578567
EQT0309,Deepa Mehta,05/03/25,7486572070
EQT0310,Tomoko Yamada,10/06/25,6715040379
EQT0311,Carlos Rivera,04/01/25,7260477705
EQT0312,Mohamed Salah,05/01/25,6344173918
EQT0313,Mohamed Salah,05/07/24,8838446179
EQT0314,Deepa Mehta,05/04/25,8269696760
EQT0315,Deepa Mehta,23/07/24,9410760168
EQT0316,Tomoko Yamada,30/08/24,7619310201
EQT0317,Deepa Mehta,21/03/25,6949294548
EQT0318,Grace Liu,18/04/25,7715999435
EQT0319,Grace Liu,01/01/25,7519628223
EQT0320,Tomoko Yamada,26/08/24,8222566441
EQT0321,Mohamed Salah,09/02/25,6150144570
EQT0322,Grace Liu,30/12/24,6140049491
EQT0323,Tomoko Yamada,03/05/25,9093124617
EQT0324,Tomoko Yamada,19/08/24,7061162608
EQT0325,Mohamed Salah,15/09/24,9414355476
EQT0326,Mohamed Salah,17/11/24,7982268277
EQT0327,Deepa Mehta,25/06/25,8029720974
EQT0328,Mohamed Salah,14/02/25,8128218024
EQT0329,Deepa Mehta,20/09/24,8445167299
EQT0330,Mohamed Salah,11/12/24,8202981037
EQT0331,Grace Liu,10/08/24,6765927894
EQT0332,Tomoko Yamada,04/07/24,8528576573
EQT0333,Tomoko Yamada,28/12/24,6083805679
EQT0334,Deepa Mehta,30/07/24,7489727637
EQT0335,Grace Liu,04/11/24,7206329472
EQT0336,Tomoko Yamada,21/02/25,8821774646
EQT0337,Mohamed Salah,13/02/25,9812223340
EQT0338,Carlos Rivera,20/03/25,6880427236
EQT0339,Deepa Mehta,04/06/25,6287722560
EQT0340,Carlos Rivera,22/12/24,9105656932
EQT0341,Mohamed Salah,30/10/24,6286750079
EQT0342,Deepa Mehta,24/04/25,8500803438
EQT0343,Deepa Mehta,04/12/24,9597077470
EQT0344,Grace Liu,15/05/25,6898452657
EQT0345,Carlos Rivera,08/05/25,7296221489
EQT0346,Grace Liu,11/11/24,7349194744
EQT0347,Mohamed Salah,05/11/24,9329537864
EQT0348,Elena Petrova,12/08/24,6783099592
EQT0349,Deepa Mehta,11/12/24,9724693077
EQT0350,Grace Liu,11/01/25,8195494345
EQT0351,Deepa Mehta,06/07/24,9899411296
EQT0352,Grace Liu,08/05/25,9900235007
EQT0353,Carlos Rivera,19/09/24,6121560593
EQT0354,Carlos Rivera,26/01/25,8040102619
EQT0355,Deepa Mehta,08/12/24,8073722870
EQT0356,Tomoko Yamada,12/12/24,6720098710
EQT0357,Tomoko Yamada,11/12/24,6562026618
EQT0358,Carlos Rivera,26/10/24,9013887351
EQT0359,Grace Liu,10/10/24,8549915480
EQT0360,Elena Petrova,30/03/25,6351984424
EQT0361,Elena Petrova,08/04/25,6049421819
EQT0362,Mohamed Salah,06/02/25,9103620046
EQT0363,Carlos Rivera,09/08/24,9836315440
EQT0364,Mohamed Salah,29/08/24,9395118752
EQT0365,Grace Liu,25/02/25,7876182005
EQT0366,Carlos Rivera,04/08/24,8426861330
EQT0367,Deepa Mehta,05/08/24,6806316075
EQT0368,Grace Liu,07/10/24,9796882051
EQT0369,Tomoko Yamada,11/09/24,8915688145
EQT0370,Carlos Rivera,03/06/25,8357422959
EQT0371,Carlos Rivera,03/10/24,9368940785
EQT0372,Deepa Mehta,04/03/25,9887060934
EQT0373,Tomoko Yamada,14/06/25,8039433104
EQT0374,Elena Petrova,26/04/25,8024406009
EQT0375,Mohamed Salah,05/01/25,7049359259
EQT0376,Carlos Rivera,28/07/24,6286283008
EQT0377,Carlos Rivera,26/05/25,6638250817
EQT0378,Tomoko Yamada,16/11/24,7761846798
EQT0379,Elena Petrova,11/06/25,7085654334
EQT0380,Carlos Rivera,13/06/25,9552539736
EQT0381,Mohamed Salah,05/12/24,6852602812
EQT0382,Carlos Rivera,08/02/25,7577894673
EQT0383,Carlos Rivera,21/08/24,7693623085
EQT0384,Carlos Rivera,12/02/25,7595377302
EQT0385,Tomoko Yamada,26/12/24,8306538699
EQT0386,Tomoko Yamada,21/06/25,6777238737
EQT0387,Elena Petrova,13/09/24,7495667429
EQT0388,Deepa Mehta,30/03/25,6828190157
EQT0389,Grace Liu,11/04/25,9072435402
EQT0390,Carlos Rivera,10/12/24,6431081034
EQT0391,Carlos Rivera,20/02/25,9852773379
EQT0392,Carlos Rivera,05/08/24,7294203765
EQT0393,Mohamed Salah,22/11/24,8923355282
EQT0394,Elena Petrova,02/10/24,6775291396
EQT0395,Mohamed Salah,18/08/24,6456921517
EQT0396,Grace Liu,01/12/24,8163157279
EQT0397,Grace Liu,16/11/24,9887565423
EQT0398,Mohamed Salah,21/10/24,9384525328
EQT0399,Deepa Mehta,19/05/25,8921116695
EQT0400,Carlos Rivera,06/12/24,8357268744
EQT0401,Tomoko Yamada,12/06/25,8555280251
EQT0402,Tomoko Yamada,11/06/25,6857492039
EQT0403,Mohamed Salah,25/01/25,7196725228
EQT0404,Tomoko Yamada,19/04/25,6695871921
EQT0405,Carlos Rivera,19/03/25,8020445571
EQT0406,Grace Liu,08/10/24,7260698988
EQT0407,Elena Petrova,17/08/24,8233795628
EQT0408,Elena Petrova,01/08/24,7996996035
EQT0409,Deepa Mehta,21/09/24,7465327996
EQT0410,Deepa Mehta,19/04/25,9754984188
EQT0411,Mohamed Salah,30/09/24,9782607701
EQT0412,Mohamed Salah,22/09/24,6069551161
EQT0413,Carlos Rivera,28/11/24,7373774191
EQT0414,Tomoko Yamada,24/03/25,8141079417
EQT0415,Tomoko Yamada,05/02/25,7042666833
EQT0416,Mohamed Salah,10/02/25,9265543349
EQT0417,Grace Liu,29/08/24,8295716922
EQT0418,Tomoko Yamada,23/05/25,7387084698
EQT0419,Deepa Mehta,21/04/25,7998401321
EQT0420,Tomoko Yamada,16/07/24,8347718504
EQT0421,Elena Petrova,03/02/25,6833314336
EQT0422,Grace Liu,22/07/24,7173886709
EQT0423,Tomoko Yamada,14/03/25,6394454693
EQT0424,Grace Liu,29/04/25,8883975461
EQT0425,Deepa Mehta,31/08/24,6310376100
EQT0426,Deepa Mehta,27/05/25,7291339261
EQT0427,Mohamed Salah,14/07/24,8226817318
EQT0428,Carlos Rivera,28/09/24,9706123330
EQT0429,Carlos Rivera,09/08/24,6199409198
EQT0430,Mohamed Salah,19/08/24,8223338638
EQT0431,Elena Petrova,10/09/24,6829108849
EQT0432,Deepa Mehta,19/02/25,7332020181
EQT0433,Carlos Rivera,11/12/24,7016896398
EQT0434,Grace Liu,30/10/24,6800907792
EQT0435,Deepa Mehta,16/01/25,7364150949
EQT0436,Grace Liu,14/10/24,8808941638
EQT0437,Elena Petrova,08/06/25,6730806742
EQT0438,Mohamed Salah,08/08/24,6716435782
EQT0439,Carlos Rivera,30/04/25,8665580189
EQT0440,Deepa Mehta,12/01/25,7103887078
EQT0441,Carlos Rivera,26/09/24,8105690210
EQT0442,Mohamed Salah,12/09/24,8406369565
EQT0443,Tomoko Yamada,12/02/25,8084706297
EQT0444,Elena Petrova,30/07/24,8947729814
EQT0445,Deepa Mehta,21/04/25,6138472120
EQT0446,Carlos Rivera,21/03/25,8952504506
EQT0447,Tomoko Yamada,17/12/24,6658969042
EQT0448,Deepa Mehta,27/06/25,7168558781
EQT0449,Carlos Rivera,24/12/24,8994343674
EQT0450,Mohamed Salah,05/06/25,9899194439
EQT0451,Grace Liu,02/09/24,8544515056
EQT0452,Deepa Mehta,02/09/24,8729290811
EQT0453,Grace Liu,24/01/25,9721562408
EQT0454,Grace Liu,25/07/24,9486659176
EQT0455,Tomoko Yamada,29/03/25,8907263124
EQT0456,Grace Liu,23/06/25,6362605031
EQT0457,Elena Petrova,04/12/24,8732762359
EQT0458,Tomoko Yamada,02/10/24,7289896148
EQT0459,Carlos Rivera,09/06/25,9809557052
EQT0460,Mohamed Salah,21/02/25,6591725015
EQT0461,Deepa Mehta,23/12/24,6504584073
EQT0462,Deepa Mehta,29/07/24,7982008118
EQT0463,Tomoko Yamada,29/07/24,7600096421
EQT0464,Deepa Mehta,03/03/25,8946848173
EQT0465,Carlos Rivera,26/05/25,7802258421
EQT0466,Mohamed Salah,22/08/24,7922948469
EQT0467,Tomoko Yamada,17/01/25,9828080750
EQT0468,Carlos Rivera,01/07/25,7696874455
EQT0469,Carlos Rivera,18/08/24,6296413362
EQT0470,Carlos Rivera,13/08/24,7929095675
EQT0471,Grace Liu,08/01/25,9975519510
EQT0472,Elena Petrova,31/03/25,8792539288
EQT0473,Mohamed Salah,31/08/24,6681862379
EQT0474,Grace Liu,25/05/25,9446164815
EQT0475,Grace Liu,31/12/24,7526917723
EQT0476,Grace Liu,30/10/24,9787204896
EQT0477,Deepa Mehta,05/05/25,7034227963
EQT0478,Tomoko Yamada,26/03/25,7721728518
EQT0479,Deepa Mehta,23/08/24,8331186055
EQT0480,Carlos Rivera,09/02/25,8927354097
EQT0481,Carlos Rivera,01/11/24,6892858768
EQT0482,Deepa Mehta,14/03/25,8936633703
EQT0483,Tomoko Yamada,28/01/25,8642674377
EQT0484,Mohamed Salah,13/04/25,8998036811
EQT0485,Tomoko Yamada,02/08/24,6966128067
EQT0486,Tomoko Yamada,07/04/25,6111799251
EQT0487,Elena Petrova,09/04/25,6761088167
EQT0488,Deepa Mehta,29/08/24,6904028154
EQT0489,Elena Petrova,29/01/25,9468634973
EQT0490,Tomoko Yamada,12/03/25,9706935682
EQT0491,Elena Petrova,17/03/25,6441192003
EQT0492,Tomoko Yamada,20/09/24,9785274461
EQT0493,Elena Petrova,12/09/24,8161169718
EQT0494,Mohamed Salah,17/04/25,6203374695
EQT0495,Carlos Rivera,01/12/24,9397062451
EQT0496,Elena Petrova,11/07/24,7493330565
EQT0497,Mohamed Salah,30/05/25,8338350166
EQT0498,Mohamed Salah,03/09/24,7885319757
EQT0499,Elena Petrova,04/09/24,6897916470
EQT0500,Tomoko Yamada,21/08/24,7260369919
EQT0501,Carlos Rivera,18/03/25,9458533443
EQT0502,Grace Liu,03/06/25,6326498013
EQT0503,Grace Liu,24/04/25,6067237350
EQT0504,Tomoko Yamada,19/12/24,8797571725
EQT0505,Deepa Mehta,29/08/24,6598717126
EQT0506,Carlos Rivera,19/04/25,6007810096
EQT0507,Carlos Rivera,23/07/24,7344774960
EQT0508,Tomoko Yamada,27/08/24,6876254539
EQT0509,Tomoko Yamada,03/06/25,6016616809
EQT0510,Elena Petrova,11/09/24,7799088126
EQT0511,Deepa Mehta,21/05/25,6266222772
EQT0512,Carlos Rivera,16/12/24,8803310560
EQT0513,Tomoko Yamada,15/06/25,6706577561
EQT0514,Grace Liu,31/08/24,7993637609
EQT0515,Mohamed Salah,27/10/24,6265204018
EQT0516,Elena Petrova,26/05/25,8099755330
EQT0517,Mohamed Salah,16/03/25,7986030749
EQT0518,Deepa Mehta,16/12/24,6193908032
EQT0519,Deepa Mehta,14/04/25,9153475093
EQT0520,Elena Petrova,05/07/24,9325683266
EQT0521,Carlos Rivera,28/10/24,8214215806
EQT0522,Carlos Rivera,27/02/25,8156515409
EQT0523,Grace Liu,01/02/25,6797743374
EQT0524,Grace Liu,04/11/24,7332354657
EQT0525,Tomoko Yamada,10/09/24,6289192439
EQT0526,Grace Liu,21/02/25,6886713807
EQT0527,Grace Liu,02/08/24,7941586720
EQT0528,Carlos Rivera,02/12/24,8305126751
EQT0529,Carlos Rivera,16/05/25,6203157284
EQT0530,Deepa Mehta,14/11/24,8804066744
EQT0531,Mohamed Salah,16/09/24,6595155156
EQT0532,Grace Liu,21/05/25,8316638035
EQT0533,Mohamed Salah,18/07/24,8708686893
EQT0534,Deepa Mehta,14/08/24,6991382019
EQT0535,Tomoko Yamada,09/05/25,9182558032
EQT0536,Mohamed Salah,12/03/25,8925081646
EQT0537,Mohamed Salah,28/11/24,9146287171
EQT0538,Grace Liu,03/07/24,6521042800
EQT0539,Carlos Rivera,13/11/24,6013916782
EQT0540,Grace Liu,03/01/25,8229203054
EQT0541,Tomoko Yamada,16/12/24,8566100657
EQT0542,Elena Petrova,09/08/24,9555587407
EQT0543,Carlos Rivera,11/07/24,6351592923
EQT0544,Grace Liu,27/07/24,8899166303
EQT0545,Grace Liu,15/06/25,9813935615
EQT0546,Deepa Mehta,22/09/24,9475739095
EQT0547,Carlos Rivera,06/12/24,8683934037
EQT0548,Grace Liu,22/08/24,9799802422
EQT0549,Elena Petrova,02/02/25,7485622198
EQT0550,Elena Petrova,09/04/25,7117502747
EQT0551,Deepa Mehta,05/08/24,8300419035
EQT0552,Mohamed Salah,30/03/25,6069631768
EQT0553,Grace Liu,01/03/25,6699688993
EQT0554,Deepa Mehta,08/08/24,9853442601
EQT0555,Tomoko Yamada,30/11/24,7030838214
EQT0556,Grace Liu,30/08/24,7506019114
EQT0557,Deepa Mehta,01/07/25,9765485840
EQT0558,Elena Petrova,13/11/24,9717287486
EQT0559,Deepa Mehta,30/11/24,7765231213
EQT0560,Mohamed Salah,28/05/25,9797567399
EQT0561,Deepa Mehta,28/04/25,9651267736
EQT0562,Elena Petrova,09/03/25,7181392088
EQT0563,Carlos Rivera,26/03/25,9476799078
EQT0564,Mohamed Salah,21/02/25,6454398262
EQT0565,Tomoko Yamada,27/07/24,6154639870
EQT0566,Deepa Mehta,18/02/25,9368590039
EQT0567,Carlos Rivera,16/04/25,9766876327
EQT0568,Carlos Rivera,12/09/24,6010513063
EQT0569,Carlos Rivera,09/05/25,6618077957
EQT0570,Mohamed Salah,01/03/25,8875891431
EQT0571,Carlos Rivera,10/07/24,8605231329
EQT0572,Elena Petrova,09/04/25,9225244147
EQT0573,Deepa Mehta,14/11/24,6286999453
EQT0574,Carlos Rivera,20/05/25,9423826972
EQT0575,Elena Petrova,05/01/25,8764990669
EQT0576,Grace Liu,10/03/25,8594594057
EQT0577,Deepa Mehta,29/06/25,6900913162
EQT0578,Mohamed Salah,30/10/24,8059692690
EQT0579,Tomoko Yamada,15/11/24,8956465768
EQT0580,Grace Liu,11/10/24,9453458029
EQT0581,Carlos Rivera,31/12/24,6063071012
EQT0582,Mohamed Salah,01/09/24,8563534491
EQT0583,Mohamed Salah,19/03/25,8309479900
EQT0584,Elena Petrova,22/05/25,6695983708
EQT0585,Deepa Mehta,23/03/25,6794704375
EQT0586,Grace Liu,10/11/24,8181845948
EQT0587,Grace Liu,11/06/25,9769207082
EQT0588,Carlos Rivera,01/04/25,9260771881
EQT0589,Grace Liu,11/05/25,9937098042
EQT0590,Carlos Rivera,02/06/25,9279662001
EQT0591,Deepa Mehta,19/03/25,8184143293
EQT0592,Mohamed Salah,30/11/24,7003968985
EQT0593,Deepa Mehta,07/04/25,8017845171
EQT0594,Carlos Rivera,17/09/24,8740487639
EQT0595,Carlos Rivera,13/05/25,9079650246
EQT0596,Deepa Mehta,16/05/25,7839742925
EQT0597,Carlos Rivera,24/08/24,7603837125
EQT0598,Tomoko Yamada,15/10/24,7424497212
EQT0599,Mohamed Salah,23/01/25,7635177506
EQT0600,Grace Liu,14/03/25,8065155573
EQT0601,Tomoko Yamada,28/10/24,7769317929
EQT0602,Elena Petrova,10/08/24,6838822582
EQT0603,Carlos Rivera,28/11/24,6938152317
EQT0604,Carlos Rivera,21/06/25,6483904338
EQT0605,Carlos Rivera,30/07/24,9351077123
EQT0606,Tomoko Yamada,12/03/25,6437909593
EQT0607,Grace Liu,18/11/24,9662151094
EQT0608,Carlos Rivera,14/12/24,9836011036
EQT0609,Tomoko Yamada,04/09/24,7966258654
EQT0610,Mohamed Salah,20/04/25,6628660489
EQT0611,Deepa Mehta,08/01/25,6041395480
EQT0612,Grace Liu,18/06/25,8984531143
EQT0613,Tomoko Yamada,26/10/24,9682685418
EQT0614,Grace Liu,07/01/25,6368961720
EQT0615,Elena Petrova,14/08/24,8304096314
EQT0616,Deepa Mehta,01/11/24,7789961794
EQT0617,Grace Liu,31/08/24,8858326339
EQT0618,Mohamed Salah,22/09/24,9475674861
EQT0619,Elena Petrova,05/09/24,8001123812
EQT0620,Mohamed Salah,19/04/25,8484386718
EQT0621,Tomoko Yamada,19/01/25,7471603400
EQT0622,Carlos Rivera,18/09/24,8301982992
EQT0623,Carlos Rivera,05/02/25,8636671384
EQT0624,Grace Liu,13/02/25,7053111126
EQT0625,Mohamed Salah,02/03/25,9303166155
EQT0626,Deepa Mehta,03/02/25,7756018618
EQT0627,Carlos Rivera,18/02/25,8070730630
EQT0628,Deepa Mehta,09/09/24,8132004367
EQT0629,Carlos Rivera,20/11/24,8776268992
EQT0630,Grace Liu,04/09/24,9648129369
EQT0631,Elena Petrova,02/04/25,6357788462
EQT0632,Elena Petrova,21/10/24,7672827028
EQT0633,Carlos Rivera,07/03/25,8890909968
EQT0634,Mohamed Salah,12/07/24,9880143461
EQT0635,Grace Liu,22/09/24,8186115611
EQT0636,Carlos Rivera,12/12/24,6156029917
EQT0637,Mohamed Salah,01/02/25,9864449975
EQT0638,Tomoko Yamada,29/10/24,6008108665
EQT0639,Elena Petrova,06/01/25,8552574114
EQT0640,Grace Liu,06/04/25,9637624913
EQT0641,Carlos Rivera,10/01/25,8360355177
EQT0642,Grace Liu,21/07/24,8082091290
EQT0643,Deepa Mehta,19/07/24,9803356584
EQT0644,Carlos Rivera,10/10/24,9421776706
EQT0645,Tomoko Yamada,12/05/25,9717220357
EQT0646,Mohamed Salah,27/10/24,6641344271
EQT0647,Deepa Mehta,16/06/25,7326745916
EQT0648,Elena Petrova,19/10/24,7916200335
EQT0649,Elena Petrova,02/08/24,9513285624
EQT0650,Grace Liu,25/07/24,8316982699
EQT0651,Mohamed Salah,16/05/25,7033656857
EQT0652,Mohamed Salah,17/05/25,9861993143
EQT0653,Tomoko Yamada,05/12/24,9834760994
EQT0654,Mohamed Salah,17/07/24,9710485046
EQT0655,Mohamed Salah,10/04/25,8175964833
EQT0656,Mohamed Salah,20/05/25,7061145392
EQT0657,Deepa Mehta,22/11/24,8951528600
EQT0658,Grace Liu,17/08/24,8365949361
EQT0659,Elena Petrova,09/02/25,6917361335
EQT0660,Grace Liu,28/10/24,7218110076
EQT0661,Elena Petrova,30/09/24,9984839232
EQT0662,Mohamed Salah,10/03/25,8896733368
EQT0663,Deepa Mehta,11/07/24,7093505958
EQT0664,Grace Liu,05/06/25,6686027928
EQT0665,Mohamed Salah,17/08/24,8537618311
EQT0666,Grace Liu,10/02/25,7394833491
EQT0667,Grace Liu,03/12/24,8094641549
EQT0668,Elena Petrova,16/12/24,7207850027
EQT0669,Grace Liu,31/01/25,7762069303
EQT0670,Grace Liu,23/05/25,9692461063
EQT0671,Carlos Rivera,16/10/24,6264181190
EQT0672,Deepa Mehta,10/11/24,7184822898
EQT0673,Carlos Rivera,21/08/24,8676489622
EQT0674,Elena Petrova,31/03/25,7325866801
EQT0675,Tomoko Yamada,23/06/25,6616646254
EQT0676,Mohamed Salah,19/12/24,7841583204
EQT0677,Elena Petrova,10/04/25,6659738811
EQT0678,Elena Petrova,21/03/25,9282007047
EQT0679,Elena Petrova,07/06/25,9162365663
EQT0680,Elena Petrova,20/07/24,8001202013
EQT0681,Carlos Rivera,27/07/24,7033016809
EQT0682,Deepa Mehta,25/01/25,8261655804
EQT0683,Carlos Rivera,08/09/24,7278896867
EQT0684,Grace Liu,09/07/24,6803975132
EQT0685,Elena Petrova,13/04/25,8884351753
EQT0686,Mohamed Salah,10/05/25,7150312348
EQT0687,Grace Liu,18/11/24,8549063845
EQT0688,Tomoko Yamada,28/02/25,8201960709
EQT0689,Grace Liu,25/06/25,8148966855
EQT0690,Elena Petrova,23/07/24,8602510766
EQT0691,Deepa Mehta,06/06/25,7794539579
EQT0692,Carlos Rivera,03/08/24,6300401048
EQT0693,Carlos Rivera,27/01/25,9169900440
EQT0694,Elena Petrova,16/07/24,9954852991
EQT0695,Mohamed Salah,12/05/25,7847669698
EQT0696,Carlos Rivera,30/08/24,6069341485
EQT0697,Deepa Mehta,14/04/25,6459178567
EQT0698,Deepa Mehta,29/12/24,9781062189
EQT0699,Deepa Mehta,17/11/24,8342600713
EQT0700,Tomoko Yamada,01/02/25,7741200420
EQT0701,Mohamed Salah,20/04/25,8715356551
EQT0702,Deepa Mehta,05/03/25,9268018909
EQT0703,Tomoko Yamada,30/12/24,6927980972
EQT0704,Carlos Rivera,14/11/24,6483345173
EQT0705,Elena Petrova,13/03/25,8965801246
EQT0706,Mohamed Salah,04/06/25,6302001788
EQT0707,Mohamed Salah,24/11/24,9654156260
EQT0708,Mohamed Salah,19/06/25,8631170139
EQT0709,Deepa Mehta,08/02/25,6667602445
EQT0710,Tomoko Yamada,26/06/25,6339466280
EQT0711,Grace Liu,29/01/25,9659661787
EQT0712,Deepa Mehta,05/04/25,8331685179
EQT0713,Deepa Mehta,30/04/25,6748379212
EQT0714,Mohamed Salah,29/03/25,8747988599
EQT0715,Grace Liu,19/08/24,9024802986
EQT0716,Grace Liu,17/03/25,9186339834
EQT0717,Carlos Rivera,14/04/25,9459719787
EQT0718,Grace Liu,26/06/25,8533068878
EQT0719,Carlos Rivera,23/10/24,7469778534
EQT0720,Elena Petrova,23/10/24,8868002606
EQT0721,Grace Liu,05/06/25,8651415085
EQT0722,Grace Liu,25/01/25,9762368022
EQT0723,Mohamed Salah,01/04/25,9255026364
EQT0724,Deepa Mehta,06/02/25,8479974724
EQT0725,Carlos Rivera,07/02/25,7789929832
EQT0726,Carlos Rivera,09/02/25,7658401948
EQT0727,Grace Liu,06/02/25,6135780262
EQT0728,Deepa Mehta,01/05/25,8104095114
EQT0729,Tomoko Yamada,15/05/25,8255276688
EQT0730,Deepa Mehta,01/10/24,6786411887
EQT0731,Tomoko Yamada,13/06/25,6818327540
EQT0732,Deepa Mehta,21/01/25,7156015984
EQT0733,Deepa Mehta,05/02/25,7849053364
EQT0734,Carlos Rivera,23/10/24,6279935355
EQT0735,Deepa Mehta,09/04/25,9275535158
EQT0736,Grace Liu,06/06/25,9485249855
EQT0737,Mohamed Salah,24/10/24,9234300988
EQT0738,Tomoko Yamada,21/01/25,8537187490
EQT0739,Carlos Rivera,16/10/24,8073672580
EQT0740,Elena Petrova,27/05/25,9560141430
EQT0741,Elena Petrova,06/03/25,6701066652
EQT0742,Grace Liu,29/09/24,7116119902
EQT0743,Deepa Mehta,10/11/24,6925098125
EQT0744,Deepa Mehta,08/10/24,9255681597
EQT0745,Tomoko Yamada,15/09/24,6014917798
EQT0746,Carlos Rivera,10/01/25,8673098373
EQT0747,Mohamed Salah,24/09/24,8070881838
EQT0748,Grace Liu,12/03/25,7124635923
EQT0749,Mohamed Salah,18/12/24,6345947326
EQT0750,Elena Petrova,10/10/24,9417921368
EQT0751,Tomoko Yamada,13/09/24,8578075221
EQT0752,Tomoko Yamada,07/02/25,6541186190
EQT0753,Mohamed Salah,18/04/25,7089874181
EQT0754,Deepa Mehta,24/11/24,9600589434
EQT0755,Grace Liu,06/03/25,7581211580
EQT0756,Tomoko Yamada,29/09/24,7997366589
EQT0757,Mohamed Salah,30/10/24,6523434147
EQT0758,Grace Liu,10/03/25,6716289997
EQT0759,Mohamed Salah,09/08/24,9404921909
EQT0760,Mohamed Salah,25/07/24,8539044561
EQT0761,Mohamed Salah,15/11/24,9454805875
EQT0762,Deepa Mehta,18/04/25,8279711702
EQT0763,Tomoko Yamada,07/04/25,9296873255
EQT0764,Carlos Rivera,13/03/25,7957770277
EQT0765,Elena Petrova,28/01/25,7201109465
EQT0766,Elena Petrova,05/06/25,6630537539
EQT0767,Mohamed Salah,21/08/24,7560317856
EQT0768,Elena Petrova,25/04/25,8438247566
EQT0769,Deepa Mehta,01/01/25,7224220471
EQT0770,Deepa Mehta,13/03/25,6295292490
EQT0771,Grace Liu,05/03/25,7841465682
EQT0772,Grace Liu,10/12/24,6522672203
EQT0773,Deepa Mehta,05/02/25,6151893552
EQT0774,Carlos Rivera,18/12/24,7098359833
EQT0775,Carlos Rivera,11/03/25,7450048519
EQT0776,Grace Liu,06/07/24,9755196307
EQT0777,Mohamed Salah,12/06/25,8376192301
EQT0778,Deepa Mehta,07/05/25,8351262731
EQT0779,Carlos Rivera,18/10/24,9088893516
EQT0780,Grace Liu,09/10/24,9738642675
EQT0781,Mohamed Salah,06/11/24,9680275225
EQT0782,Mohamed Salah,03/07/24,9554007445
EQT0783,Mohamed Salah,18/07/24,8971404210
EQT0784,Carlos Rivera,24/11/24,8563839520
EQT0785,Mohamed Salah,02/02/25,8262681555
EQT0786,Elena Petrova,31/03/25,9672609274
EQT0787,Carlos Rivera,13/05/25,6524252927
EQT0788,Deepa Mehta,02/04/25,6576187279
EQT0789,Grace Liu,16/05/25,9875953412
EQT0790,Deepa Mehta,23/12/24,9615759366
EQT0791,Elena Petrova,21/03/25,9077487825
EQT0792,Elena Petrova,03/07/24,9117805290
EQT0793,Mohamed Salah,24/02/25,8954534730
EQT0794,Carlos Rivera,07/06/25,9920169824
EQT0795,Tomoko Yamada,17/09/24,6110864005
EQT0796,Deepa Mehta,07/06/25,6678006072
EQT0797,Carlos Rivera,18/11/24,9680377256
EQT0798,Mohamed Salah,05/05/25,9024231833
EQT0799,Mohamed Salah,16/09/24,8424842058
EQT0800,Carlos Rivera,02/10/24,9470281263
EQT0801,Tomoko Yamada,15/12/24,8646162105
EQT0802,Grace Liu,05/02/25,7424588766
EQT0803,Grace Liu,14/10/24,9273266781
EQT0804,Tomoko Yamada,12/10/24,9618655204
EQT0805,Grace Liu,21/11/24,8618968425
EQT0806,Grace Liu,18/07/24,6179434234
EQT0807,Deepa Mehta,16/08/24,9541510167
EQT0808,Deepa Mehta,14/12/24,9523803115
EQT0809,Mohamed Salah,22/06/25,8138584211
EQT0810,Tomoko Yamada,02/09/24,8316932663
EQT0811,Grace Liu,05/05/25,9793867959
EQT0812,Deepa Mehta,10/12/24,7927209618
EQT0813,Mohamed Salah,19/11/24,7810361867
EQT0814,Mohamed Salah,20/03/25,7502959279
EQT0815,Elena Petrova,13/09/24,8343563542
EQT0816,Deepa Mehta,01/05/25,9513058959
EQT0817,Deepa Mehta,14/02/25,8629721264
EQT0818,Carlos Rivera,21/04/25,7624345755
EQT0819,Elena Petrova,10/09/24,9334468696
EQT0820,Elena Petrova,24/10/24,9708322596
EQT0821,Grace Liu,29/04/25,7449122153
EQT0822,Carlos Rivera,08/05/25,9729897491
EQT0823,Carlos Rivera,20/09/24,7535780692
EQT0824,Elena Petrova,13/06/25,6400901095
EQT0825,Mohamed Salah,05/12/24,6360906202
EQT0826,Mohamed Salah,12/02/25,7000613653
EQT0827,Mohamed Salah,16/06/25,6156448666
EQT0828,Carlos Rivera,28/01/25,9507967009
EQT0829,Tomoko Yamada,25/07/24,6420534396
EQT0830,Carlos Rivera,26/05/25,7433257289
EQT0831,Mohamed Salah,05/06/25,7502854306
EQT0832,Mohamed Salah,05/04/25,9343713234
EQT0833,Grace Liu,12/04/25,7524873257
EQT0834,Elena Petrova,05/01/25,7429692015
EQT0835,Tomoko Yamada,09/01/25,9339788309
EQT0836,Mohamed Salah,01/01/25,9881415340
EQT0837,Grace Liu,07/04/25,6604413848
EQT0838,Grace Liu,08/04/25,8974152641
EQT0839,Elena Petrova,14/09/24,8352576338
EQT0840,Deepa Mehta,26/01/25,8247844785
EQT0841,Elena Petrova,15/04/25,8204640323
EQT0842,Mohamed Salah,17/08/24,8512010594
EQT0843,Grace Liu,23/01/25,6853114679
EQT0844,Grace Liu,09/12/24,6351873814
EQT0845,Grace Liu,09/04/25,6011245569
EQT0846,Mohamed Salah,01/10/24,7915226168
EQT0847,Mohamed Salah,11/03/25,9680222889
EQT0848,Grace Liu,06/12/24,9333078434
EQT0849,Carlos Rivera,26/06/25,6145677558
EQT0850,Tomoko Yamada,19/10/24,7230741619
EQT0851,Elena Petrova,14/06/25,9290273238
EQT0852,Tomoko Yamada,11/08/24,7984281600
EQT0853,Tomoko Yamada,25/10/24,7554117366
EQT0854,Grace Liu,24/05/25,8685679041
EQT0855,Mohamed Salah,03/07/24,8735099766
EQT0856,Tomoko Yamada,15/02/25,6764494480
EQT0857,Mohamed Salah,01/10/24,6365728169
EQT0858,Carlos Rivera,25/07/24,8152042905
EQT0859,Tomoko Yamada,17/07/24,7261122885
EQT0860,Carlos Rivera,21/07/24,6865897984
EQT0861,Grace Liu,14/06/25,8073764456
EQT0862,Carlos Rivera,23/12/24,6093816312
EQT0863,Elena Petrova,29/05/25,7475603628
EQT0864,Elena Petrova,21/09/24,6980750756
EQT0865,Deepa Mehta,21/01/25,7301795725
EQT0866,Deepa Mehta,09/11/24,8626614741
EQT0867,Elena Petrova,17/10/24,7430601344
EQT0868,Tomoko Yamada,15/05/25,7336633648
EQT0869,Tomoko Yamada,28/11/24,9932397575
EQT0870,Mohamed Salah,31/12/24,7870249777
EQT0871,Deepa Mehta,16/10/24,9695693833
EQT0872,Carlos Rivera,01/01/25,7502710875
EQT0873,Mohamed Salah,07/11/24,8650913108
EQT0874,Mohamed Salah,31/12/24,6265587949
EQT0875,Carlos Rivera,22/11/24,9851215003
EQT0876,Deepa Mehta,27/10/24,7846507946
EQT0877,Deepa Mehta,06/01/25,8277569552
EQT0878,Grace Liu,28/07/24,7234962579
EQT0879,Deepa Mehta,29/08/24,8035197672
EQT0880,Grace Liu,20/02/25,7995876377
EQT0881,Deepa Mehta,14/10/24,9978236631
EQT0882,Carlos Rivera,05/03/25,7534583846
EQT0883,Grace Liu,11/01/25,8886122644
EQT0884,Mohamed Salah,13/04/25,8911600882
EQT0885,Elena Petrova,01/12/24,6112689750
EQT0886,Deepa Mehta,07/05/25,6659208636
EQT0887,Mohamed Salah,28/10/24,8650683430
EQT0888,Grace Liu,14/04/25,6628399295
EQT0889,Tomoko Yamada,19/07/24,6341775879
EQT0890,Tomoko Yamada,13/04/25,7132950279
EQT0891,Elena Petrova,12/12/24,9277871029
EQT0892,Deepa Mehta,30/06/25,6813423774
EQT0893,Tomoko Yamada,25/01/25,6941794791
EQT0894,Mohamed Salah,16/05/25,6113659650
EQT0895,Mohamed Salah,26/09/24,6640477106
EQT0896,Deepa Mehta,15/07/24,9765548551
EQT0897,Tomoko Yamada,15/08/24,9934020722
EQT0898,Carlos Rivera,18/07/24,6235411479
EQT0899,Grace Liu,12/09/24,7562139337
EQT0900,Mohamed Salah,25/12/24,6224228371
EQT0901,Tomoko Yamada,09/03/25,9457110770
EQT0902,Tomoko Yamada,10/11/24,7663374708
EQT0903,Tomoko Yamada,28/02/25,8407378208
EQT0904,Mohamed Salah,06/07/24,6938504965
EQT0905,Grace Liu,27/11/24,6508776132
EQT0906,Mohamed Salah,22/07/24,9613324531
EQT0907,Tomoko Yamada,19/03/25,6467171443
EQT0908,Deepa Mehta,31/07/24,6835541428
EQT0909,Mohamed Salah,13/05/25,6971902285
EQT0910,Elena Petrova,20/07/24,6682612696
EQT0911,Tomoko Yamada,05/05/25,7374901849
EQT0912,Mohamed Salah,19/01/25,8020024817
EQT0913,Grace Liu,14/04/25,8446858897
EQT0914,Tomoko Yamada,06/10/24,6282306085
EQT0915,Tomoko Yamada,13/06/25,6307053502
EQT0916,Grace Liu,11/04/25,6534418479
EQT0917,Elena Petrova,01/02/25,7852709483
EQT0918,Elena Petrova,24/05/25,6133761570
EQT0919,Grace Liu,27/04/25,6359681423
EQT0920,Deepa Mehta,20/03/25,9462886595
EQT0921,Deepa Mehta,27/03/25,8321291201
EQT0922,Mohamed Salah,25/02/25,9609750681
EQT0923,Tomoko Yamada,28/09/24,9317093711
EQT0924,Carlos Rivera,12/09/24,8310730547
EQT0925,Deepa Mehta,16/09/24,9790733825
EQT0926,Grace Liu,04/10/24,6299023660
EQT0927,Elena Petrova,16/01/25,6733201150
EQT0928,Tomoko Yamada,08/08/24,8068237101
EQT0929,Mohamed Salah,08/02/25,8188714732
EQT0930,Carlos Rivera,21/09/24,9651320891
EQT0931,Carlos Rivera,23/04/25,9332318123
EQT0932,Deepa Mehta,01/06/25,8312568599
EQT0933,Elena Petrova,29/12/24,7398707066
EQT0934,Tomoko Yamada,21/07/24,8636524909
EQT0935,Deepa Mehta,16/01/25,6873763613
EQT0936,Carlos Rivera,20/02/25,7423931120
EQT0937,Carlos Rivera,31/03/25,9434922072
EQT0938,Elena Petrova,11/02/25,8424696193
EQT0939,Grace Liu,10/01/25,6731434213
EQT0940,Grace Liu,01/01/25,9356370204
EQT0941,Carlos Rivera,22/12/24,8825300046
EQT0942,Elena Petrova,20/02/25,9125028906
EQT0943,Carlos Rivera,11/08/24,9678979264
EQT0944,Tomoko Yamada,04/11/24,8128525542
EQT0945,Tomoko Yamada,24/12/24,8972211191
EQT0946,Deepa Mehta,15/01/25,6008918356
EQT0947,Grace Liu,04/08/24,9775948883
EQT0948,Mohamed Salah,06/07/24,8275781675
EQT0949,Tomoko Yamada,13/05/25,6836489458
EQT0950,Grace Liu,20/06/25,9652079682
EQT0951,Grace Liu,12/11/24,6712691736
EQT0952,Grace Liu,08/03/25,9708240149
EQT0953,Elena Petrova,06/04/25,8139377013
EQT0954,Grace Liu,20/08/24,8131207805
EQT0955,Carlos Rivera,02/07/25,6560795076
EQT0956,Deepa Mehta,08/07/24,8501368792
EQT0957,Elena Petrova,04/07/24,9204546445
EQT0958,Elena Petrova,31/07/24,8720898350
EQT0959,Mohamed Salah,02/03/25,6975728394
EQT0960,Mohamed Salah,22/08/24,9067511590
EQT0961,Elena Petrova,28/07/24,6680769861
EQT0962,Deepa Mehta,12/06/25,9817454023
EQT0963,Elena Petrova,15/07/24,6516200710
EQT0964,Carlos Rivera,18/02/25,8269187624
EQT0965,Carlos Rivera,15/05/25,9486359280
EQT0966,Grace Liu,26/05/25,9229514520
EQT0967,Mohamed Salah,23/09/24,9278706472
EQT0968,Tomoko Yamada,02/11/24,9215957198
EQT0969,Mohamed Salah,31/12/24,6764222275
EQT0970,Tomoko Yamada,12/04/25,6895251025
EQT0971,Grace Liu,07/04/25,7296435346
EQT0972,Tomoko Yamada,21/02/25,7588548178
EQT0973,Tomoko Yamada,01/06/25,7844535765
EQT0974,Deepa Mehta,01/06/25,9415119921
EQT0975,Elena Petrova,25/11/24,6954592968
EQT0976,Elena Petrova,26/04/25,9890556337
EQT0977,Mohamed Salah,26/04/25,7364774686
EQT0978,Carlos Rivera,04/12/24,8673718009
EQT0979,Mohamed Salah,18/08/24,9427634532
EQT0980,Grace Liu,04/07/24,6763103451
EQT0981,Tomoko Yamada,21/04/25,7119337407
EQT0982,Carlos Rivera,03/04/25,8497869281
EQT0983,Deepa Mehta,01/12/24,6907011401
EQT0984,Mohamed Salah,13/06/25,8047659136
EQT0985,Deepa Mehta,05/04/25,6684557957
EQT0986,Carlos Rivera,09/02/25,8191781738
EQT0987,Elena Petrova,29/05/25,9928287262
EQT0988,Carlos Rivera,15/09/24,7984862437
EQT0989,Elena Petrova,27/07/24,7754531378
EQT0990,Grace Liu,15/01/25,7314117523
EQT0991,Grace Liu,23/01/25,9005487587
EQT0992,Carlos Rivera,15/11/24,6440962822
EQT0993,Tomoko Yamada,08/01/25,8665039507
EQT0994,Carlos Rivera,25/08/24,7356521999
EQT0995,Carlos Rivera,04/10/24,6256568408
EQT0996,Tomoko Yamada,25/04/25,6393860485
EQT0997,Elena Petrova,11/03/25,8265752147
EQT0998,Carlos Rivera,14/01/25,7711661919
EQT0999,Grace Liu,05/12/24,7790930432
EQT1000,Tomoko Yamada,07/12/24,7790930432
